zilles@cs_wisc_edu	.Condor_zilles@cs_wisc_edu	zilles@cs_wisc_edu_view	0	0
zhaohua@cs_wisc_edu	.Condor_zhaohua@cs_wisc_edu	zhaohua@cs_wisc_edu_view	1	0
yoderme@cs_wisc_edu	.Condor_yoderme@cs_wisc_edu	yoderme@cs_wisc_edu_view	2	0
thain@cs_wisc_edu	.Condor_thain@cs_wisc_edu	thain@cs_wisc_edu_view	3	0
testneos@cs_wisc_edu	.Condor_testneos@cs_wisc_edu	testneos@cs_wisc_edu_view	4	0
tannenba@cs_wisc_edu	.Condor_tannenba@cs_wisc_edu	tannenba@cs_wisc_edu_view	5	0
sodani@cs_wisc_edu	.Condor_sodani@cs_wisc_edu	sodani@cs_wisc_edu_view	6	0
rpw@cs_wisc_edu	.Condor_rpw@cs_wisc_edu	rpw@cs_wisc_edu_view	7	0
rajwar@cs_wisc_edu	.Condor_rajwar@cs_wisc_edu	rajwar@cs_wisc_edu_view	8	0
qun@cs_wisc_edu	.Condor_qun@cs_wisc_edu	qun@cs_wisc_edu_view	9	0
psilord@cs_wisc_edu	.Condor_psilord@cs_wisc_edu	psilord@cs_wisc_edu_view	10	0
nice-user_jbasney@cs_wisc_edu	.Condor_nice-user_jbasney@cs_wisc_edu	nice-user_jbasney@cs_wisc_edu_view	11	0
nice-user_condor@peta_ecn_purdue_edu	.Condor_nice-user_condor@peta_ecn_purdue_edu	nice-user_condor@peta_ecn_purdue_edu_view	12	0
nice-user_condor@karr_ecn_purdue_edu	.Condor_nice-user_condor@karr_ecn_purdue_edu	nice-user_condor@karr_ecn_purdue_edu_view	13	0
mikihavl@cs_wisc_edu	.Condor_mikihavl@cs_wisc_edu	mikihavl@cs_wisc_edu_view	14	0
mikeu@cs_wisc_edu	.Condor_mikeu@cs_wisc_edu	mikeu@cs_wisc_edu_view	15	0
metaneos@cs_wisc_edu	.Condor_metaneos@cs_wisc_edu	metaneos@cs_wisc_edu_view	16	0
johnbent@cs_wisc_edu	.Condor_johnbent@cs_wisc_edu	johnbent@cs_wisc_edu_view	17	0
jbasney@cs_wisc_edu	.Condor_jbasney@cs_wisc_edu	jbasney@cs_wisc_edu_view	18	0
ferris@cs_wisc_edu	.Condor_ferris@cs_wisc_edu	ferris@cs_wisc_edu_view	19	0
ericro@cs_wisc_edu	.Condor_ericro@cs_wisc_edu	ericro@cs_wisc_edu_view	20	0
dman@cs_wisc_edu	.Condor_dman@cs_wisc_edu	dman@cs_wisc_edu_view	21	0
Total	.Condor_Total	Total_view	22	0
